,RI,na2o,mg,al2o3,sio2,k2o,cao,bao,fe2o3,label
0,1.52101,13.64,4.49,1.1,71.78,0.06,8.75,0.0,0.0,1
1,1.51761,13.89,3.6,1.36,72.73,0.48,7.83,0.0,0.0,1
2,1.51618,13.53,3.55,1.54,72.99,0.39,7.78,0.0,0.0,1
3,1.51766,13.21,3.69,1.29,72.61,0.57,8.22,0.0,0.0,1
4,1.51742,13.27,3.62,1.24,73.08,0.55,8.07,0.0,0.0,1
5,1.51596,12.79,3.61,1.62,72.97,0.64,8.07,0.0,0.26,1
6,1.51743,13.3,3.6,1.14,73.09,0.58,8.17,0.0,0.0,1
7,1.51756,13.15,3.61,1.05,73.24,0.57,8.24,0.0,0.0,1
8,1.51918,14.04,3.58,1.37,72.08,0.56,8.3,0.0,0.0,1
9,1.51755,13.0,3.6,1.36,72.99,0.57,8.4,0.0,0.11,1
10,1.51571,12.72,3.46,1.56,73.2,0.67,8.09,0.0,0.24,1
11,1.51763,12.8,3.66,1.27,73.01,0.6,8.56,0.0,0.0,1
12,1.51589,12.88,3.43,1.4,73.28,0.69,8.05,0.0,0.24,1
13,1.51748,12.86,3.56,1.27,73.21,0.54,8.38,0.0,0.17,1
14,1.51763,12.61,3.59,1.31,73.29,0.58,8.5,0.0,0.0,1
15,1.51761,12.81,3.54,1.23,73.24,0.58,8.39,0.0,0.0,1
16,1.51784,12.68,3.67,1.16,73.11,0.61,8.7,0.0,0.0,1
17,1.52196,14.36,3.85,0.89,71.36,0.15,9.15,0.0,0.0,1
18,1.51911,13.9,3.73,1.18,72.12,0.06,8.89,0.0,0.0,1
19,1.51735,13.02,3.54,1.69,72.73,0.54,8.44,0.0,0.07,1
20,1.5175,12.82,3.55,1.49,72.75,0.54,8.52,0.0,0.19,1
21,1.51966,14.77,3.75,0.29,72.02,0.03,9.0,0.0,0.0,1
22,1.51736,12.78,3.62,1.29,72.79,0.59,8.7,0.0,0.0,1
23,1.51751,12.81,3.57,1.35,73.02,0.62,8.59,0.0,0.0,1
24,1.5172,13.38,3.5,1.15,72.85,0.5,8.43,0.0,0.0,1
25,1.51764,12.98,3.54,1.21,73.0,0.65,8.53,0.0,0.0,1
26,1.51793,13.21,3.48,1.41,72.64,0.59,8.43,0.0,0.0,1
27,1.51721,12.87,3.48,1.33,73.04,0.56,8.43,0.0,0.0,1
28,1.51768,12.56,3.52,1.43,73.15,0.57,8.54,0.0,0.0,1
29,1.51784,13.08,3.49,1.28,72.86,0.6,8.49,0.0,0.0,1
30,1.51768,12.65,3.56,1.3,73.08,0.61,8.69,0.0,0.14,1
31,1.51747,12.84,3.5,1.14,73.27,0.56,8.55,0.0,0.0,1
32,1.51775,12.85,3.48,1.23,72.97,0.61,8.56,0.09,0.22,1
33,1.51753,12.57,3.47,1.38,73.39,0.6,8.55,0.0,0.06,1
34,1.51783,12.69,3.54,1.34,72.95,0.57,8.75,0.0,0.0,1
35,1.51567,13.29,3.45,1.21,72.74,0.56,8.57,0.0,0.0,1
36,1.51909,13.89,3.53,1.32,71.81,0.51,8.78,0.11,0.0,1
37,1.51797,12.74,3.48,1.35,72.96,0.64,8.68,0.0,0.0,1
38,1.52213,14.21,3.82,0.47,71.77,0.11,9.57,0.0,0.0,1
39,1.52213,14.21,3.82,0.47,71.77,0.11,9.57,0.0,0.0,1
40,1.51793,12.79,3.5,1.12,73.03,0.64,8.77,0.0,0.0,1
41,1.51755,12.71,3.42,1.2,73.2,0.59,8.64,0.0,0.0,1
42,1.51779,13.21,3.39,1.33,72.76,0.59,8.59,0.0,0.0,1
43,1.5221,13.73,3.84,0.72,71.76,0.17,9.74,0.0,0.0,1
44,1.51786,12.73,3.43,1.19,72.95,0.62,8.76,0.0,0.3,1
45,1.519,13.49,3.48,1.35,71.95,0.55,9.0,0.0,0.0,1
46,1.51869,13.19,3.37,1.18,72.72,0.57,8.83,0.0,0.16,1
47,1.52667,13.99,3.7,0.71,71.57,0.02,9.82,0.0,0.1,1
48,1.52223,13.21,3.77,0.79,71.99,0.13,10.02,0.0,0.0,1
49,1.51898,13.58,3.35,1.23,72.08,0.59,8.91,0.0,0.0,1
50,1.5232,13.72,3.72,0.51,71.75,0.09,10.06,0.0,0.16,1
51,1.51926,13.2,3.33,1.28,72.36,0.6,9.14,0.0,0.11,1
52,1.51808,13.43,2.87,1.19,72.84,0.55,9.03,0.0,0.0,1
53,1.51837,13.14,2.84,1.28,72.85,0.55,9.07,0.0,0.0,1
54,1.51778,13.21,2.81,1.29,72.98,0.51,9.02,0.0,0.09,1
55,1.51769,12.45,2.71,1.29,73.7,0.56,9.06,0.0,0.24,1
56,1.51215,12.99,3.47,1.12,72.98,0.62,8.35,0.0,0.31,1
57,1.51824,12.87,3.48,1.29,72.95,0.6,8.43,0.0,0.0,1
58,1.51754,13.48,3.74,1.17,72.99,0.59,8.03,0.0,0.0,1
59,1.51754,13.39,3.66,1.19,72.79,0.57,8.27,0.0,0.11,1
60,1.51905,13.6,3.62,1.11,72.64,0.14,8.76,0.0,0.0,1
61,1.51977,13.81,3.58,1.32,71.72,0.12,8.67,0.69,0.0,1
62,1.52172,13.51,3.86,0.88,71.79,0.23,9.54,0.0,0.11,1
63,1.52227,14.17,3.81,0.78,71.35,0.0,9.69,0.0,0.0,1
64,1.52172,13.48,3.74,0.9,72.01,0.18,9.61,0.0,0.07,1
65,1.52099,13.69,3.59,1.12,71.96,0.09,9.4,0.0,0.0,1
66,1.52152,13.05,3.65,0.87,72.22,0.19,9.85,0.0,0.17,1
67,1.52152,13.05,3.65,0.87,72.32,0.19,9.85,0.0,0.17,1
68,1.52152,13.12,3.58,0.9,72.2,0.23,9.82,0.0,0.16,1
69,1.523,13.31,3.58,0.82,71.99,0.12,10.17,0.0,0.03,1
70,1.51574,14.86,3.67,1.74,71.87,0.16,7.36,0.0,0.12,2
71,1.51848,13.64,3.87,1.27,71.96,0.54,8.32,0.0,0.32,2
72,1.51593,13.09,3.59,1.52,73.1,0.67,7.83,0.0,0.0,2
73,1.51631,13.34,3.57,1.57,72.87,0.61,7.89,0.0,0.0,2
74,1.51596,13.02,3.56,1.54,73.11,0.72,7.9,0.0,0.0,2
75,1.5159,13.02,3.58,1.51,73.12,0.69,7.96,0.0,0.0,2
76,1.51645,13.44,3.61,1.54,72.39,0.66,8.03,0.0,0.0,2
77,1.51627,13.0,3.58,1.54,72.83,0.61,8.04,0.0,0.0,2
78,1.51613,13.92,3.52,1.25,72.88,0.37,7.94,0.0,0.14,2
79,1.5159,12.82,3.52,1.9,72.86,0.69,7.97,0.0,0.0,2
80,1.51592,12.86,3.52,2.12,72.66,0.69,7.97,0.0,0.0,2
81,1.51593,13.25,3.45,1.43,73.17,0.61,7.86,0.0,0.0,2
82,1.51646,13.41,3.55,1.25,72.81,0.68,8.1,0.0,0.0,2
83,1.51594,13.09,3.52,1.55,72.87,0.68,8.05,0.0,0.09,2
84,1.51409,14.25,3.09,2.08,72.28,1.1,7.08,0.0,0.0,2
85,1.51625,13.36,3.58,1.49,72.72,0.45,8.21,0.0,0.0,2
86,1.51569,13.24,3.49,1.47,73.25,0.38,8.03,0.0,0.0,2
87,1.51645,13.4,3.49,1.52,72.65,0.67,8.08,0.0,0.1,2
88,1.51618,13.01,3.5,1.48,72.89,0.6,8.12,0.0,0.0,2
89,1.5164,12.55,3.48,1.87,73.23,0.63,8.08,0.0,0.09,2
90,1.51841,12.93,3.74,1.11,72.28,0.64,8.96,0.0,0.22,2
91,1.51605,12.9,3.44,1.45,73.06,0.44,8.27,0.0,0.0,2
92,1.51588,13.12,3.41,1.58,73.26,0.07,8.39,0.0,0.19,2
93,1.5159,13.24,3.34,1.47,73.1,0.39,8.22,0.0,0.0,2
94,1.51629,12.71,3.33,1.49,73.28,0.67,8.24,0.0,0.0,2
95,1.5186,13.36,3.43,1.43,72.26,0.51,8.6,0.0,0.0,2
96,1.51841,13.02,3.62,1.06,72.34,0.64,9.13,0.0,0.15,2
97,1.51743,12.2,3.25,1.16,73.55,0.62,8.9,0.0,0.24,2
98,1.51689,12.67,2.88,1.71,73.21,0.73,8.54,0.0,0.0,2
99,1.51811,12.96,2.96,1.43,72.92,0.6,8.79,0.14,0.0,2
100,1.51655,12.75,2.85,1.44,73.27,0.57,8.79,0.11,0.22,2
101,1.5173,12.35,2.72,1.63,72.87,0.7,9.23,0.0,0.0,2
102,1.5182,12.62,2.76,0.83,73.81,0.35,9.42,0.0,0.2,2
103,1.52725,13.8,3.15,0.66,70.57,0.08,11.64,0.0,0.0,2
104,1.5241,13.83,2.9,1.17,71.15,0.08,10.79,0.0,0.0,2
105,1.52475,11.45,0.0,1.88,72.19,0.81,13.24,0.0,0.34,2
106,1.53125,10.73,0.0,2.1,69.81,0.58,13.3,3.15,0.28,2
107,1.53393,12.3,0.0,1.0,70.16,0.12,16.19,0.0,0.24,2
108,1.52222,14.43,0.0,1.0,72.67,0.1,11.52,0.0,0.08,2
109,1.51818,13.72,0.0,0.56,74.45,0.0,10.99,0.0,0.0,2
110,1.52664,11.23,0.0,0.77,73.21,0.0,14.68,0.0,0.0,2
111,1.52739,11.02,0.0,0.75,73.08,0.0,14.96,0.0,0.0,2
112,1.52777,12.64,0.0,0.67,72.02,0.06,14.4,0.0,0.0,2
113,1.51892,13.46,3.83,1.26,72.55,0.57,8.21,0.0,0.14,2
114,1.51847,13.1,3.97,1.19,72.44,0.6,8.43,0.0,0.0,2
115,1.51846,13.41,3.89,1.33,72.38,0.51,8.28,0.0,0.0,2
116,1.51829,13.24,3.9,1.41,72.33,0.55,8.31,0.0,0.1,2
117,1.51708,13.72,3.68,1.81,72.06,0.64,7.88,0.0,0.0,2
118,1.51673,13.3,3.64,1.53,72.53,0.65,8.03,0.0,0.29,2
119,1.51652,13.56,3.57,1.47,72.45,0.64,7.96,0.0,0.0,2
120,1.51844,13.25,3.76,1.32,72.4,0.58,8.42,0.0,0.0,2
121,1.51663,12.93,3.54,1.62,72.96,0.64,8.03,0.0,0.21,2
122,1.51687,13.23,3.54,1.48,72.84,0.56,8.1,0.0,0.0,2
123,1.51707,13.48,3.48,1.71,72.52,0.62,7.99,0.0,0.0,2
124,1.52177,13.2,3.68,1.15,72.75,0.54,8.52,0.0,0.0,2
125,1.51872,12.93,3.66,1.56,72.51,0.58,8.55,0.0,0.12,2
126,1.51667,12.94,3.61,1.26,72.75,0.56,8.6,0.0,0.0,2
127,1.52081,13.78,2.28,1.43,71.99,0.49,9.85,0.0,0.17,2
128,1.52068,13.55,2.09,1.67,72.18,0.53,9.57,0.27,0.17,2
129,1.5202,13.98,1.35,1.63,71.76,0.39,10.56,0.0,0.18,2
130,1.52177,13.75,1.01,1.36,72.19,0.33,11.14,0.0,0.0,2
131,1.52614,13.7,0.0,1.36,71.24,0.19,13.44,0.0,0.1,2
132,1.51813,13.43,3.98,1.18,72.49,0.58,8.15,0.0,0.0,2
133,1.518,13.71,3.93,1.54,71.81,0.54,8.21,0.0,0.15,2
134,1.51811,13.33,3.85,1.25,72.78,0.52,8.12,0.0,0.0,2
135,1.51789,13.19,3.9,1.3,72.33,0.55,8.44,0.0,0.28,2
136,1.51806,13.0,3.8,1.08,73.07,0.56,8.38,0.0,0.12,2
137,1.51711,12.89,3.62,1.57,72.96,0.61,8.11,0.0,0.0,2
138,1.51674,12.79,3.52,1.54,73.36,0.66,7.9,0.0,0.0,2
139,1.51674,12.87,3.56,1.64,73.14,0.65,7.99,0.0,0.0,2
140,1.5169,13.33,3.54,1.61,72.54,0.68,8.11,0.0,0.0,2
141,1.51851,13.2,3.63,1.07,72.83,0.57,8.41,0.09,0.17,2
142,1.51662,12.85,3.51,1.44,73.01,0.68,8.23,0.06,0.25,2
143,1.51709,13.0,3.47,1.79,72.72,0.66,8.18,0.0,0.0,2
144,1.5166,12.99,3.18,1.23,72.97,0.58,8.81,0.0,0.24,2
145,1.51839,12.85,3.67,1.24,72.57,0.62,8.68,0.0,0.35,2
146,1.51769,13.65,3.66,1.11,72.77,0.11,8.6,0.0,0.0,3
147,1.5161,13.33,3.53,1.34,72.67,0.56,8.33,0.0,0.0,3
148,1.5167,13.24,3.57,1.38,72.7,0.56,8.44,0.0,0.1,3
149,1.51643,12.16,3.52,1.35,72.89,0.57,8.53,0.0,0.0,3
150,1.51665,13.14,3.45,1.76,72.48,0.6,8.38,0.0,0.17,3
151,1.52127,14.32,3.9,0.83,71.5,0.0,9.49,0.0,0.0,3
152,1.51779,13.64,3.65,0.65,73.0,0.06,8.93,0.0,0.0,3
153,1.5161,13.42,3.4,1.22,72.69,0.59,8.32,0.0,0.0,3
154,1.51694,12.86,3.58,1.31,72.61,0.61,8.79,0.0,0.0,3
155,1.51646,13.04,3.4,1.26,73.01,0.52,8.58,0.0,0.0,3
156,1.51655,13.41,3.39,1.28,72.64,0.52,8.65,0.0,0.0,3
157,1.52121,14.03,3.76,0.58,71.79,0.11,9.65,0.0,0.0,3
158,1.51776,13.53,3.41,1.52,72.04,0.58,8.79,0.0,0.0,3
159,1.51796,13.5,3.36,1.63,71.94,0.57,8.81,0.0,0.09,3
160,1.51832,13.33,3.34,1.54,72.14,0.56,8.99,0.0,0.0,3
161,1.51934,13.64,3.54,0.75,72.65,0.16,8.89,0.15,0.24,3
162,1.52211,14.19,3.78,0.91,71.36,0.23,9.14,0.0,0.37,3
163,1.51514,14.01,2.68,3.5,69.89,1.68,5.87,2.2,0.0,5
164,1.51915,12.73,1.85,1.86,72.69,0.6,10.09,0.0,0.0,5
165,1.52171,11.56,1.88,1.56,72.86,0.47,11.41,0.0,0.0,5
166,1.52151,11.03,1.71,1.56,73.44,0.58,11.62,0.0,0.0,5
167,1.51969,12.64,0.0,1.65,73.75,0.38,11.53,0.0,0.0,5
168,1.51666,12.86,0.0,1.83,73.88,0.97,10.17,0.0,0.0,5
169,1.51994,13.27,0.0,1.76,73.03,0.47,11.32,0.0,0.0,5
170,1.52369,13.44,0.0,1.58,72.22,0.32,12.24,0.0,0.0,5
171,1.51316,13.02,0.0,3.04,70.48,6.21,6.96,0.0,0.0,5
172,1.51321,13.0,0.0,3.02,70.7,6.21,6.93,0.0,0.0,5
173,1.52043,13.38,0.0,1.4,72.25,0.33,12.5,0.0,0.0,5
174,1.52058,12.85,1.61,2.17,72.18,0.76,9.7,0.24,0.51,5
175,1.52119,12.97,0.33,1.51,73.39,0.13,11.27,0.0,0.28,5
176,1.51905,14.0,2.39,1.56,72.37,0.0,9.57,0.0,0.0,6
177,1.51937,13.79,2.41,1.19,72.76,0.0,9.77,0.0,0.0,6
178,1.51829,14.46,2.24,1.62,72.38,0.0,9.26,0.0,0.0,6
179,1.51852,14.09,2.19,1.66,72.67,0.0,9.32,0.0,0.0,6
180,1.51299,14.4,1.74,1.54,74.55,0.0,7.59,0.0,0.0,6
181,1.51888,14.99,0.78,1.74,72.5,0.0,9.95,0.0,0.0,6
182,1.51916,14.15,0.0,2.09,72.74,0.0,10.88,0.0,0.0,6
183,1.51969,14.56,0.0,0.56,73.48,0.0,11.22,0.0,0.0,6
184,1.51115,17.38,0.0,0.34,75.41,0.0,6.65,0.0,0.0,6
185,1.51131,13.69,3.2,1.81,72.81,1.76,5.43,1.19,0.0,7
186,1.51838,14.32,3.26,2.22,71.25,1.46,5.79,1.63,0.0,7
187,1.52315,13.44,3.34,1.23,72.38,0.6,8.83,0.0,0.0,7
188,1.52247,14.86,2.2,2.06,70.26,0.76,9.76,0.0,0.0,7
189,1.52365,15.79,1.83,1.31,70.43,0.31,8.61,1.68,0.0,7
190,1.51613,13.88,1.78,1.79,73.1,0.0,8.67,0.76,0.0,7
191,1.51602,14.85,0.0,2.38,73.28,0.0,8.76,0.64,0.09,7
192,1.51623,14.2,0.0,2.79,73.46,0.04,9.04,0.4,0.09,7
193,1.51719,14.75,0.0,2.0,73.02,0.0,8.53,1.59,0.08,7
194,1.51683,14.56,0.0,1.98,73.29,0.0,8.52,1.57,0.07,7
195,1.51545,14.14,0.0,2.68,73.39,0.08,9.07,0.61,0.05,7
196,1.51556,13.87,0.0,2.54,73.23,0.14,9.41,0.81,0.01,7
197,1.51727,14.7,0.0,2.34,73.28,0.0,8.95,0.66,0.0,7
198,1.51531,14.38,0.0,2.66,73.1,0.04,9.08,0.64,0.0,7
199,1.51609,15.01,0.0,2.51,73.05,0.05,8.83,0.53,0.0,7
200,1.51508,15.15,0.0,2.25,73.5,0.0,8.34,0.63,0.0,7
201,1.51653,11.95,0.0,1.19,75.18,2.7,8.93,0.0,0.0,7
202,1.51514,14.85,0.0,2.42,73.72,0.0,8.39,0.56,0.0,7
203,1.51658,14.8,0.0,1.99,73.11,0.0,8.28,1.71,0.0,7
204,1.51617,14.95,0.0,2.27,73.3,0.0,8.71,0.67,0.0,7
205,1.51732,14.95,0.0,1.8,72.99,0.0,8.61,1.55,0.0,7
206,1.51645,14.94,0.0,1.87,73.11,0.0,8.67,1.38,0.0,7
207,1.51831,14.39,0.0,1.82,72.86,1.41,6.47,2.88,0.0,7
208,1.5164,14.37,0.0,2.74,72.85,0.0,9.45,0.54,0.0,7
209,1.51623,14.14,0.0,2.88,72.61,0.08,9.18,1.06,0.0,7
210,1.51685,14.92,0.0,1.99,73.06,0.0,8.4,1.59,0.0,7
211,1.52065,14.36,0.0,2.02,73.42,0.0,8.44,1.64,0.0,7
212,1.51651,14.38,0.0,1.94,73.61,0.0,8.48,1.57,0.0,7
213,1.51711,14.23,0.0,2.08,73.36,0.0,8.62,1.67,0.0,7
214,1.5175298425078974,12.927433028430368,3.5798425078973244,1.4124094794669568,72.89324403790715,0.5579055047383946,8.448377981046422,0.0,0.14225198736428105,1
215,1.5223401675257766,13.194083484258067,3.6112082926997515,0.8422916376426796,72.13712480844168,0.1512082926997514,10.02733351908685,0.0,0.09241658539950276,1
216,1.5178389852003324,13.20300175589274,2.81299924747454,1.28900025084182,72.96700326094366,0.5139989966327201,9.0249987457909,0.0,0.08100225757637974,1
217,1.5207943447631558,14.512820620499115,3.782147422437611,0.3726648005538561,71.90518777700854,0.06673991135726937,9.261771868420544,0.0,0.0,1
218,1.517646685430557,12.593314569443049,3.5666403972202683,1.3500450333366827,73.24328079444054,0.5766629138886097,8.51334834444556,0.0,0.0,1
219,1.5178828512410676,12.745714672716877,3.5000013545090716,1.3414279909246836,72.93571264095327,0.632856659103903,8.682857336358438,0.0,0.0,1
220,1.5165773354131682,13.37901986507603,3.4228024958018515,1.2982236087788062,72.65093416526729,0.5272894435115225,8.611730421564507,0.0,0.018223608778806234,3
221,1.5166622319294842,13.164463858968235,3.479356630761882,1.6670373359207078,72.53382048973012,0.5902144564127061,8.394678315380942,0.0,0.15287529872223568,3
222,1.518166943885183,13.402276498663511,3.3485031174898245,1.578264028704212,72.05496882510175,0.5642515587449125,8.913471942591576,0.0,0.03826402870421202,3
223,1.5178015883325737,13.523761750113954,3.3996029168565904,1.5428735829155007,72.01920583371319,0.577920583371318,8.794158833257363,0.0,0.018714749658136992,3
224,1.516678385016391,13.196770032782,3.518124039338399,1.544273875428403,72.6048940721204,0.5772919868872004,8.414062019669199,0.0,0.1302609770526006,3
225,1.5219737871778183,14.169333226979331,3.7684140817914433,0.9291011083978907,71.38129303886979,0.24095965235944553,9.129040347640554,0.0,0.3584140817914433,3
226,1.5169133844264264,13.169965892826951,3.43265132520545,1.7253026504108997,72.4263768233623,0.5936913909838,8.476206287497051,0.0,0.14318841168114976,3
227,1.5175689105972725,13.244546714659744,3.389472954670674,1.6389459093413485,72.29291640534572,0.5779901653347906,8.715649978644443,0.0,0.07645820267286017,3
228,1.516432667370199,13.250642066080509,3.430242488199909,1.5466188725590202,72.56298154956038,0.5960484976399818,8.356290985839891,0.0,0.10282445987969155,3
229,1.5177826658865794,13.640733411342062,3.650733411342062,0.6837369217348547,72.98313153913257,0.06366705671031028,8.905797425711953,0.0,0.0,3
230,1.516250000402279,13.27818167921272,3.5081817596685134,1.4545457617403033,72.61818167921273,0.5709091201657432,8.34363640020718,0.0,0.04636376070440845,3
231,1.5164030566540374,13.383876738495534,3.435715707632817,1.2995924461283501,72.64979622306417,0.5330616307522335,8.545506953982134,0.0,0.0,3
232,1.517039693869178,13.513093446142705,3.505980126910542,1.206975475648918,72.6958422833273,0.34388202950621377,8.62852219872027,0.0,0.0,3
233,1.5195460385993145,13.892915906778825,3.618749499586055,1.2466674080206588,71.72916707441136,0.29687552821471946,9.135832703182441,0.0,0.04687508340232413,3
234,1.5165325274109573,13.410388279756507,3.3903882797565066,1.277670321460961,72.64194139878254,0.5227179582955456,8.637186768035285,0.0,0.0,3
235,1.5167272314125069,13.447311876317244,3.431975860856899,1.2535707542752859,72.66021059967184,0.4562588779580421,8.642226692433908,0.0,0.0,3
236,1.5169304746777474,13.238545157046422,3.4398928044054955,1.6993568264329715,72.36882084846046,0.5949464022027476,8.483598754843674,0.0,0.12704441872335476,3
237,1.5193480621432576,13.760153933805459,3.571107753663822,1.087310604445735,71.92492303309727,0.36365530222286746,9.185864766145391,0.0,0.0,3
238,1.5166793375582832,13.198675116566385,3.5204101398796617,1.5370345570477375,72.60908525644605,0.5765299533734461,8.41520506993983,0.0,0.12892741840353064,3
239,1.5165930834189925,13.417991279329248,3.3990336201113243,1.258110843576407,72.65250808938491,0.5040174413415035,8.659728513966042,0.0,0.0,3
240,1.5183990969160857,13.64,3.606773767245535,0.6892965752313316,72.86246198669035,0.09929657523133154,8.914281369907467,0.05894486284699729,0.09431178055519568,3
241,1.5206938815296178,13.922360319011208,3.69928017995504,0.6269198609438323,72.02735929653939,0.12379995910112718,9.440240621662868,0.0413998773033815,0.06623980368541041,3
242,1.5164870495718628,13.196291966083775,3.4737018804563267,1.6355651276042855,72.53629196608378,0.5881490597718367,8.365186324714797,0.0,0.11963350403030601,3
243,1.5164005039019373,13.08792741232827,3.42148470207819,1.2732213551250402,72.95380924071858,0.5266106775625201,8.53868326523425,0.0,0.0,3
244,1.521156523488945,14.023901801370934,3.7582799952584685,0.5810945484718836,71.80892005215685,0.1092181796629403,9.63874178714634,0.0,0.0,3
245,1.5168383836446304,13.02089256266842,3.575765985192936,1.3396381036494458,72.64810613326357,0.5888299259646815,8.64180948175277,0.0,0.04234014807063696,3
246,1.5198476587622942,13.832559240912214,3.6217914686385506,0.9511886270850355,71.8887203795439,0.29559431354251775,9.31040189436901,0.0,0.0,3
247,1.5185651912187443,13.522604730112786,3.548804645241541,0.934897550072364,72.6646744087359,0.27739526988721525,8.757930321376882,0.10597677379229428,0.19891165553947465,3
248,1.516699296008864,13.238592017728491,3.5683104212741896,1.385350332631732,72.69690243900268,0.5605631929086035,8.439155210637095,0.0,0.10098558759005592,3
249,1.5178713517462896,13.490231519182238,3.3960810317137837,1.5239768480817761,72.05988424040889,0.5760231519182238,8.82976848081776,0.0,0.0,3
250,1.518158351493539,13.38773160945027,3.3602060633075945,1.534226839054973,72.11113419527487,0.565773160945027,8.93226839054973,0.0,0.0,3
251,1.5165311157986479,13.332364949996546,3.392098244594688,1.275803510810624,72.71763505000345,0.52,8.635312287837184,0.0,0.0,3
252,1.5180993375858773,13.408808005043797,3.3675828017653293,1.5321191994956203,72.10059599747811,0.5678808005043798,8.911191994956202,0.0,0.0,3
253,1.516133164604669,13.419263008785133,3.3992630087851334,1.224421947289199,72.68631504392566,0.5848410614959344,8.344320710090596,0.0,0.0,3
254,1.5172922278090721,13.566258486120468,3.5657907968855254,1.1693169056646695,72.72464001331525,0.2530584195442028,8.617446148724902,0.0,0.0,3
255,1.5167443947601464,13.173165726537926,3.4465983870217514,1.7395903221305073,72.44258225723927,0.5982991935108756,8.41486653302705,0.0,0.15554314484244275,3
256,1.5177750038577789,13.641499614222102,3.651499614222102,0.7189822542166924,72.96550887289165,0.06749807111051004,8.880512730670633,0.0,0.0,3
257,1.5163477471966378,13.414494506741383,3.394494506741382,1.2530329595517078,72.6624725337069,0.5514615471896742,8.501681277534393,0.0,0.0,3
258,1.5161,13.338586910484137,3.5175966848562465,1.3285507860211507,72.6719082023298,0.5628623034947123,8.329045898835096,0.0,0.0,3
259,1.51666854091261,13.177081825219828,3.494498190263792,1.6190890641646587,72.56158001548363,0.5851672699120694,8.402249095131896,0.0,0.14404272234612137,3
260,1.5171361509827854,13.383507300213088,3.3734420626331802,1.366101274307462,72.4744206263318,0.5332463498934558,8.762593974094374,0.0,0.0,3
261,1.5163397320483822,13.16694950448535,3.4,1.2466368942647,72.90309515411761,0.5433854350367753,8.49313981272055,0.0,0.0,3
262,1.516589650402681,12.798601610724345,3.5495648893853864,1.3677389336312318,72.77765342033554,0.5640870221229227,8.476783199106304,0.0,0.05912977877077272,3
263,1.5172531923491457,13.586813987612285,3.5885723338225834,1.1402193972289072,72.74802225656079,0.24186646063523082,8.523077897962782,0.0,0.0,3
264,1.5192737101808254,13.74937828707615,3.5635648009533045,1.107568820296839,71.93031085646193,0.3737844101484195,9.167330653770977,0.0,0.0,3
265,1.516608097550059,13.163414625049242,3.5049024312918555,1.334048775029545,72.81870733117368,0.5446829250098485,8.49360976246553,0.0,0.06170731252462102,3
266,1.51644981635434,13.048203492337159,3.4036774275994164,1.2622630323688717,73.0003821124323,0.5211315161844359,8.572928023847275,0.0,0.0,3
267,1.5161679887790802,13.342086894058713,3.5088479353972515,1.330934829455965,72.66546741472798,0.5539565529706434,8.378347576234853,0.0,0.0,3
268,1.5168672283458722,13.476784914920431,3.4651330292854845,1.2326940185980284,72.67617516224857,0.405909103677598,8.636086476058244,0.0,0.0,3
269,1.5211306625830419,14.02717040537322,3.6808863337054385,1.0799091422192482,71.49687125345439,0.31023487271464495,9.062124976482846,0.0,0.3039242224702924,3
270,1.5203265642864734,13.901965838619338,3.6703760870335365,0.8207042233956445,71.85401708069034,0.23035211169782227,9.429781242425262,0.0,0.0,3
271,1.5182973571898584,13.338086717907686,3.3428303512676902,1.5391913282092313,72.13595664104616,0.5608086717907687,8.981913282092314,0.0,0.0,3
272,1.5163430431726639,13.19401155815232,3.5444668555157106,1.3313198866905738,72.65263977338115,0.5744668555157106,8.463095070744538,0.0,0.0,3
273,1.5161499008693653,13.338871265664947,3.5144752850863434,1.3333465507512903,72.66667327537564,0.5555643671675268,8.365485062659786,0.0,0.0,3
274,1.516499540285168,13.202554505690335,3.3956066349813425,1.2687867300373155,72.84744549430967,0.52,8.610753555130604,0.0,0.0,3
275,1.5174490945480532,13.595621775486213,3.599570199416151,0.7649799453311759,72.93746704727603,0.16691117723776,8.806951286575408,0.0,0.0,3
276,1.516840819568071,13.43397437299509,3.405635460648972,1.2247547057069652,72.64104236404327,0.48247489444246694,8.675016737038355,0.015635460648972088,0.025016737038355358,3
277,1.521710689012527,14.251798129013675,3.837044426781853,0.8719703821454311,71.42655183124549,0.1206648486681143,9.30637957811374,0.0,0.19411301742261866,3
278,1.5161,13.369305198522126,3.4732258243569296,1.2875930686371662,72.67873448856047,0.5731017328407085,8.325632755719765,0.0,0.0,3
279,1.5203866386739946,13.37026582477429,0.0,1.431857300738691,72.3190241516005,0.34238895028726873,12.395578847578735,0.0,0.0,5
280,1.5214885393654662,11.812817892520698,1.8270846271468306,1.6795495460756786,72.72673165355498,0.5268350301015521,11.074869305263261,0.04703588698059485,0.09995125983376406,5
281,1.5211221590666342,12.955074994659523,0.31507499465952243,1.5163318204474754,73.40628182400779,0.14130682222763452,11.281759095116739,0.0,0.2673363591050494,5
282,1.520177995496145,12.747359009151879,0.10735900915187724,1.604453753693143,73.63288108092523,0.2986674173091839,11.44541411400155,0.0,0.09109249261371402,5
283,1.521244709158758,12.950941831751585,0.0,1.6227925897217363,73.1553237467751,0.3566793626186311,11.805960875679531,0.0,0.0,5
284,1.5146162963686762,13.735937477908365,1.952784594845959,3.36975246474853,70.10979271573686,2.9092111139357484,6.157629973680329,1.603032130097429,0.0,5
285,1.519897184377288,13.162104630765715,0.0,1.7411611260067121,73.15330899341062,0.4545863758236736,11.355965123078095,0.0,0.0,5
286,1.520701132528287,13.23373113605563,0.11772859780888446,1.4392428659362948,72.65669879243069,0.25864933466128215,12.061193408166885,0.0,0.09989093147420501,5
287,1.514583749670819,13.731874835409492,1.9270955140378196,3.370770125543805,70.05575136071556,2.952633328883835,6.176218615559245,1.5819440786877625,0.0,5
288,1.5187873686459803,12.854573039168416,0.87374069388478,2.0145166682738043,72.95741665863098,0.8560338225367679,9.914932840915624,0.13024705995797964,0.27677500241070674,5
289,1.523337689437563,13.373765614261862,0.04650499424167168,1.5701353042517667,72.38488134322047,0.2932243972547951,12.10330350177448,0.0,0.039458782992933546,5
290,1.513551649978107,13.2158249890535,0.5301120915791739,3.1309893888531417,70.36329621864489,5.313952322815799,6.744394709021903,0.4351666423411127,0.0,5
291,1.5213763766091994,13.005038802529493,0.30539828758567567,1.515218545057584,73.30277574689467,0.14416462229915647,11.342314124369377,0.0,0.2591258197696642,5
292,1.5199483923605757,13.264492513372216,0.021112032073167253,1.7653763559937878,73.01885389611044,0.47380278838584994,11.298756837292839,0.0031471352158758403,0.0066876623337361885,5
293,1.520848367153945,12.894840773867898,0.25484077386789694,1.541885732298468,73.4719918830532,0.18693880767583565,11.329216359982869,0.0,0.2162285354030641,5
294,1.5206851838057531,13.303781665860809,0.0,1.724231177323849,72.86904029795733,0.4401926477698741,11.502818427011439,0.0,0.0,5
295,1.5205583533008755,12.850055221171235,1.6011093914310002,2.168122480177975,72.18938759911013,0.7611596445959565,9.702595395048093,0.2386746918903354,0.5071837202669628,5
296,1.5198938653571137,13.153740699926546,0.0,1.7397007571300318,73.16286777151252,0.45339152856093506,11.358753100024485,0.0,0.0,5
297,1.5156486578362742,12.901039971861334,0.0,2.1788397608213357,72.94780635343542,2.506067518238486,9.22021779406628,0.0,0.0,5
298,1.521024694372505,12.93748086016492,0.6768708249075364,1.6888552690929484,73.0620986733296,0.300725484134178,10.84454125382435,0.06503827967016304,0.34232835135057293,5
299,1.514687115286438,13.783557643219087,2.0670045291183348,3.394784359475535,70.0249504954553,2.7161453295126656,6.119315322112319,1.6967947627090807,0.0,5
300,1.5205326114228903,12.881098753728317,1.4907881107081147,2.1396416927890227,72.24293795397398,0.7385270509971138,9.819952335809226,0.2222292835838183,0.47223722761561393,5
301,1.521304933726745,12.022420789822112,1.7832142532930464,1.7786640944120062,72.6162433045899,0.573955061277839,10.797023604189294,0.08603177485062542,0.18281752155757902,5
302,1.5210451636755937,13.00476071785754,0.2917632103567072,1.5389672648812824,73.34828713857095,0.16939548023854412,11.275793452976256,0.0,0.2475566633329637,5
303,1.5201111207176556,13.228931027762679,0.04517586946105412,1.7257758564688983,73.07928276668478,0.4234551647977018,11.31315517129378,0.0,0.03833104075483382,5
304,1.514412965384777,13.629531108095833,1.6704389798978554,3.3191831008772277,70.19512851726968,3.3864594854711623,6.269303985562789,1.3712558790206275,0.0,5
305,1.5207763774689342,13.069269407455796,0.22080365179862577,1.5927245062131623,73.27087671105305,0.24250532844990072,11.286544901242632,0.0,0.18734855304125825,5
306,1.5206372002219324,13.383813501017162,0.0,1.4114405030514843,72.24809324949142,0.32936441649713977,12.483474828925633,0.0,0.0,5
307,1.520828057371796,12.814012174477496,0.5846467648254449,1.449757171474506,72.43969921624655,0.3735375250401927,12.161029269329928,0.0,0.0,5
308,1.522002958305067,13.122836161352572,0.22268950373117347,1.5327628325418723,73.00953551322871,0.19178483118508194,11.585427822365945,0.0,0.18894866983251085,5
309,1.5137318600758074,13.273097759878555,0.7246554420539884,3.1497890343977293,70.48098100445384,4.98511598787143,6.643382549038348,0.5948664076562591,0.0,5
310,1.522508437356618,13.418253448281313,0.0,1.5147603448439384,72.23087327585934,0.32362442528644786,12.334235057447644,0.0,0.0,5
311,1.5214212646209953,11.691961091185698,1.8766163822772897,1.5938361772271021,72.84082616623797,0.4846623434650775,11.261120820200752,0.0,0.0,5
312,1.5203983223877429,12.795830925303443,0.15583092530344328,1.583889910477327,73.58000262694169,0.26194626870951265,11.407224119457892,0.0,0.1322201790453458,5
313,1.5232116230162467,13.344324603249358,0.0,1.588371597215681,72.4029791962856,0.3271756547562981,12.155088085383806,0.0,0.0,5
314,1.5198267423021536,12.242516138279091,1.8098542702112193,1.7739734361668986,72.90506640958276,0.5942648957444598,10.528735475548817,0.0,0.0,5
315,1.5181907480449537,13.036195137770372,2.0485484096479754,2.2523125202682883,72.0201981361273,0.8583521474937507,9.080512905163307,0.5262728930428258,0.0,5
316,1.5202207825935556,13.085736422979188,0.7063437119131111,1.9398763489965065,72.65708561793407,0.5972296127048461,10.609269060062584,0.10529347258332089,0.2237486292395569,5
317,1.5201526462964918,12.392644554350927,0.4305817016854254,1.6293870461959103,73.54616079015956,0.4006129538040895,11.502516061594546,0.0,0.0,5
318,1.5179204489650526,12.79419342752737,0.9364781467258771,1.8451861321090683,73.27761675967362,0.7827043706548246,10.129503647709152,0.0,0.0,5
319,1.5208272769503304,13.165679539953382,0.17250183369605804,1.4575006112320192,72.84591542549548,0.2254534341236012,11.857038619860147,0.0,0.14636519222695835,5
320,1.51429346878365,13.586734391825036,1.534190070799087,3.3033311315550673,70.14224920083154,3.61676081316423,6.336019710010819,1.259409759611191,0.0,5
321,1.5205637317588838,12.860676033232519,1.5690752059420068,2.159578158034921,72.2016062577325,0.7526284532442125,9.741178985325433,0.23389940958141714,0.49703624536051144,5
322,1.5135376199944766,13.002737371681071,0.0,2.9094513733381016,70.84683085177724,5.644648922555085,7.306331480648507,0.0,0.0,5
323,1.519214115538801,12.737543004564817,1.8022276377561641,1.8489997850096431,72.7120004299807,0.5852282827272349,10.127086439110347,0.0,0.008800171992285591,5
324,1.514438272093739,13.642774515376418,1.7055799021869316,3.3254769974066147,70.18450756687633,3.3270608369750745,6.255404964060393,1.400102904780317,0.0,5
325,1.5189089123820696,13.141114047758705,0.0,1.7820049186753428,73.29720258391488,0.6271779905381634,10.958490621762225,0.0,0.0,5
326,1.522032059546803,13.409485758530119,0.0,1.4884572755903536,72.23525712073494,0.32508570691164707,12.372228379702824,0.0,0.0,5
327,1.518600944855121,12.754957052039956,1.6789979767632721,1.9672228902457323,72.50605728311292,1.1185520812746175,9.797910057606455,0.0,0.0,5
328,1.516139661838887,13.69090594668944,2.473087449806434,3.0911607441958453,70.58801824161685,1.410764392519215,6.922013207008252,1.6515570958724752,0.0,5
329,1.5143274418123895,13.603720906194726,1.5801737662645123,3.31122385540361,70.13212592459102,3.5390346413514027,6.3173173861088365,1.2971575693216146,0.0,5
330,1.5202304381281166,12.820666136625166,1.6686677267496683,2.0942208529483453,72.30466891934304,0.7208881821668878,9.795335055968211,0.1813322732503317,0.3853310806569548,5
331,1.520260689357536,13.2106893575362,0.0,1.4571995413729055,72.59319724823743,0.34143990827458115,12.278065779473126,0.0,0.0,5
332,1.5154486894384134,13.911465715419144,2.616106674842102,3.3737529478807797,70.10554374752063,1.5968616973849035,6.194855219477507,2.0306441983766557,0.0,5
333,1.5202155839248437,13.165583924843812,0.0,1.4724378632284418,72.68462717937065,0.3444875726456884,12.218941090673646,0.0,0.0,5
334,1.5204596675687394,12.95226565840206,0.2767969752061786,1.5615908119212814,73.46899843075447,0.26542588129336375,11.092656584020595,0.0,0.2348580395688788,5
335,1.5193159135404715,12.610486008982374,1.8401576713279604,1.838909295702772,72.74272676074307,0.5985939530468515,10.197562591915863,0.0,0.0,5
336,1.5159884213284753,12.890700739269693,0.0,2.0621743407270556,73.22760929051901,1.9754492110824549,9.554066418401778,0.0,0.0,5
337,1.52025036784069,13.339674413216146,0.0,1.5319746476562475,72.53594506992187,0.3813234740885407,12.0674164326823,0.0,0.0,5
338,1.5201006742622654,13.231438177056315,0.04241800523805317,1.7278651475469293,73.07627418753242,0.426296600663824,11.313573029509387,0.0,0.03599103474743903,5
339,1.5200865824046637,12.427965843051044,0.3690964954296647,1.6323304869209203,73.57526814844022,0.3976695130790797,11.506440649227894,0.0,0.0,5
340,1.51458502133399,12.972014491167094,0.3003777948065177,2.8614154499468696,70.97612368715134,5.193193179071105,7.446799063114319,0.0447768141326486,0.09515073003187828,5
341,1.5207014083317063,12.71140110805207,1.639009070407706,2.1044609890788863,72.25305988102681,0.7288421095620936,9.883724112582136,0.21421415963759466,0.45520508922988867,5
342,1.51859078623837,14.118435497464832,2.057502682025574,1.593448835720608,72.719005857333,0.0,9.434952011028042,0.0,0.0,6
343,1.5190321206495727,14.104120923076628,2.2206720341885147,1.5789310769230234,72.38367244444441,0.0,9.609965606837493,0.0,0.0,6
344,1.5151211301123013,14.424126001271336,1.9410500105944575,1.5721680016951132,73.67744295402005,0.0,8.261507035385488,0.0,0.0,6
345,1.517732182038065,14.6881272337325,2.064998286451782,1.5199990208295897,72.61672106787995,0.0,9.056091753410335,0.0,0.0,6
346,1.5192744280977841,13.849289976374786,2.394956274651174,1.2280517758823253,72.72637284922027,0.0,9.724868823953521,0.0,0.0,6
347,1.514073785229178,14.339245312650066,1.8281922880886152,1.5635179434902975,74.181552218652,0.0,7.929050351985121,0.0,0.0,6
348,1.5196370840719746,14.538743174212048,0.09904776271407836,0.6097500178015919,73.44336589598247,0.0,11.134068151069979,0.0,0.0,6
349,1.5186371189190748,14.382797297686938,1.7312842336237972,1.6860264264610612,72.61469384377024,0.0,9.524958108380856,0.0,0.0,6
350,1.515469761108219,14.162906853289416,2.000413784091953,1.4039629486086813,73.85426765145583,0.0,8.43731649152307,0.0,0.0,6
351,1.518352410277308,14.35960085824366,2.2264325484113052,1.6308539612709558,72.45869121921443,0.0,9.276280941906434,0.0,0.0,6
352,1.518480609627105,14.153367121613787,2.1985631245424035,1.6531495003660772,72.62033387765406,0.0,9.309724250549117,0.0,0.0,6
353,1.5151519251597632,14.257298669322564,1.971889662350833,1.547135066533872,73.77227774780798,0.0,8.296371586853306,0.0,0.0,6
354,1.5195411047098657,14.444816851028174,0.0,0.9898297998216925,73.27210846283134,0.0,11.124482266706291,0.0,0.0,6
355,1.5193426745067786,14.256090193431382,1.2970436387482138,1.1026960831582486,72.87760734769435,0.0,10.324551462788891,0.0,0.0,6
356,1.5138440008033471,14.343630310010095,1.8316007462335957,1.5428184844994952,74.24278518955502,0.0,7.86902996545003,0.0,0.0,6
357,1.5193067030338414,13.831538634041651,2.406043939615081,1.2631871171210052,72.68285682249407,0.0,9.730439396150807,0.0,0.0,6
358,1.5133851184115028,14.404473038620786,1.7772753218398853,1.5459640514943818,74.3882251032149,0.0,7.714499574945217,0.0,0.0,6
359,1.5182999659281835,14.453967990836238,2.2419669595099228,1.619213216196031,72.379868869366,0.0,9.264065049653839,0.0,0.0,6
360,1.5176698033019378,14.091102092281337,2.2419591000428274,1.5554448953859332,72.86650640293328,0.0,9.119044643207381,0.0,0.0,6
361,1.512614534572907,16.726225407752572,0.43518734255983754,0.6023046996251076,74.86551903259637,0.0,7.180570869696241,0.0,0.0,6
362,1.5188827058373906,14.983373459451677,0.789001050911472,1.7369628355820186,72.50143575045213,0.0,9.949006018917752,0.0,0.0,6
363,1.5194290523428946,13.932094700089777,1.9652620425761504,1.0737406999265455,72.89286777151253,0.0,10.037580928740491,0.0,0.0,6
364,1.5185127884186758,14.325154378169904,2.2839713984228576,1.6024114406308572,72.37706857343848,0.0,9.350874223407239,0.0,0.0,6
365,1.5170214096392667,14.174007777907294,2.0680532256184443,1.6274808601649184,73.17946652408294,0.0,8.851182400710908,0.0,0.0,6
366,1.5186663869781212,14.103723779198843,1.689082059242221,1.7583537509250433,72.68601107573198,0.0,9.676818259169925,0.0,0.0,6
367,1.5183462739353177,14.425939460202319,2.2511066977601137,1.6155573208959546,72.37925955348265,0.0,9.282953842037568,0.0,0.0,6
368,1.5148898683612846,14.421507943712657,1.9192328642721364,1.5686772582835418,73.77212936905893,0.0,8.188637766668935,0.0,0.0,6
369,1.5120039549687,16.99879079416232,0.25375324036003405,0.49294715857317123,75.09251877690114,0.0,6.959370388932097,0.0,0.0,6
370,1.5180736791784073,14.909231021266601,0.9114207111594302,1.7126206851751187,72.78063797695503,0.0,9.626924085066399,0.0,0.0,6
371,1.5185122541051717,14.659651992781395,1.6900152651682347,1.665204224780693,72.42520422478069,0.0,9.519924292488984,0.0,0.0,6
372,1.513707841732111,16.58915372060217,0.25810045938506637,0.8032572347937088,74.44708674767878,0.0,7.741963482013743,0.0,0.0,6
373,1.518857118993897,14.93279748474258,0.8696172739032934,1.734915331977118,72.51080491954862,0.0,9.909958239319804,0.0,0.0,6
374,1.5186848206305095,14.062011591045591,2.2521964643431325,1.6289017678284337,72.5767053034853,0.0,9.397745580428916,0.0,0.0,6
375,1.5165665283932581,14.440489000678395,2.0774083389866265,1.5939853342378603,73.08564780879804,0.0,8.716943852215332,0.0,0.0,6
376,1.5165271975343515,14.979595673267768,1.5978375305603603,1.3030801554062446,73.4108790713537,0.0,8.598048496162631,0.0,0.0,6
377,1.5192540183908338,13.866112931015405,2.4027511494271043,1.3241037355985712,72.61864741382854,0.0,9.697511494271042,0.0,0.0,6
378,1.518971357678513,14.94150147930782,0.6920259392095347,1.6069110362400654,72.6105315122752,0.0,10.093239816928065,0.0,0.0,6
379,1.5189686173136125,13.931664477548583,2.306112716464371,1.411941014826116,72.71750065673542,0.0,9.557503283677123,0.0,0.0,6
380,1.5136513561800389,14.362925783759128,1.7938174106722358,1.5543513095125963,74.32516281763598,0.0,7.796898045473262,0.0,0.0,6
381,1.5190205100542609,14.645893744667594,1.2474109968265181,1.5822846329726472,72.57455635532202,0.0,9.898384061700138,0.0,0.0,6
382,1.5187998814931183,14.202431027150059,1.6661192564710054,1.3968635534785871,72.86376411062031,0.0,9.774508407627895,0.0,0.0,6
383,1.5189970856179342,13.92161684072915,2.3134809834652894,1.3961997171423368,72.72051494778125,0.0,9.572574738906273,0.0,0.0,6
384,1.5189189355794077,14.763257508155016,1.1487428402731568,1.698774092391821,72.47022573339409,0.0,9.862967528382732,0.0,0.0,6
385,1.5158984560625863,14.691339401854991,1.265956227490185,1.638759119272878,73.537719027453,0.0,8.755357607419961,0.0,0.0,6
386,1.5185984123693352,14.737048399572457,1.4768100691022887,1.6827279395258394,72.44272793952584,0.0,9.620685652273576,0.0,0.0,6
387,1.5191605049010044,14.303049222030259,1.7131081400755641,1.4251475600972023,72.64883933522678,0.0,9.846957383304538,0.0,0.0,6
388,1.5188871173554883,14.96864793353496,0.7601730811396058,1.7488966943604334,72.50610059041858,0.0,9.973639787872008,0.0,0.0,6
389,1.518968002515485,14.04963005641692,2.3738162859510044,1.5664734856195983,72.37107891426993,0.0,9.536553657632076,0.0,0.0,6
390,1.5183461966031524,14.099743047562887,2.1758568664409697,1.6562284977175918,72.72908686909106,0.0,9.26562750876195,0.0,0.0,6
391,1.518650892251945,14.417230629862598,1.6773386798819303,1.6890871670988976,72.60818976991484,0.0,9.549061440903818,0.0,0.0,6
392,1.5191027974160851,13.884306794322898,2.340841684163208,1.3377473111058735,72.73170796170314,0.0,9.628539808515653,0.0,0.0,6
393,1.5148981659938838,15.706802426068128,1.113769813650699,1.0113133123374076,74.01651630620871,0.0,8.007883745409757,0.0,0.0,6
394,1.5183898282081598,14.398069537530484,2.2557136994325644,1.5802535837882201,72.41512473990808,0.0,9.307141098297691,0.0,0.0,6
395,1.5192123513681213,14.060254797506405,0.6007942722487887,1.8656369937660124,72.74498584458297,0.0,10.60328562564475,0.0,0.0,6
396,1.518532125924591,14.677502949208884,1.6408409323679807,1.6692459507642756,72.42924595076427,0.0,9.543164216894585,0.0,0.0,6
397,1.518346223238135,14.369553921260929,2.2277775569271525,1.6297779544582782,72.45089016982251,0.0,9.274666931687417,0.0,0.0,6
398,1.5195687369722894,14.466192752148435,0.0,0.9100611932021824,73.3106893575362,0.0,11.142208623732849,0.0,0.0,6
399,1.5196407328577095,14.516891250495876,0.18398198449081526,0.636979909828793,73.39455230009004,0.0,11.092983148782492,0.0,0.0,6
400,1.5190007422530047,14.286853938384631,1.9235001608088336,1.6121552615244783,72.40766768887879,0.0,9.680105552107232,0.0,0.0,6
401,1.518927471821687,14.074161792136842,2.3658168069118997,1.5696732772352404,72.37161221287255,0.0,9.52002140095126,0.0,0.0,6
402,1.5190724967512503,13.98523650699194,2.391406046953149,1.533988131366752,72.3974179155864,0.0,9.584060469531485,0.0,0.0,6
403,1.517396770534033,15.448592292841044,0.6303338960602453,1.4713685313901836,73.05836969546755,0.0,9.316797252562576,0.0,0.0,6
404,1.5189423213613933,14.62706971894532,1.3702199520182183,1.6740126761718763,72.45234248834636,0.0,9.81069342747396,0.0,0.0,6
405,1.5190281483003318,14.12725401571416,2.183051550202226,1.5831370937662108,72.3867101232756,0.0,9.618844975728667,0.0,0.0,6
406,1.5192031212653643,13.848898376930265,2.3668078569178053,1.282274123857416,72.74233048692092,0.0,9.681652434604601,0.0,0.0,6
407,1.5189322396164882,14.833281150535731,0.6344753540688921,1.8052995206101126,72.54477681413265,0.0,10.123510154764013,0.0,0.0,6
408,1.5177281598188712,14.443480894967973,1.9547042066930513,1.5181778780067705,72.96438834413746,0.0,9.033132525968242,0.0,0.0,6
409,1.5172311757425527,14.813347296234909,0.0,1.9366527037650916,73.01049790556476,0.0,8.555338918493963,1.5773305407530185,0.05466108150603666,7
410,1.5167324991644455,14.653600802132171,0.0,1.9839000334221737,73.21979939840088,0.0,8.426399197867829,1.624600467910433,0.04269976604478347,7
411,1.5168260506199225,13.79827381204655,0.5571289948012113,2.3214853343743753,73.08821567497574,0.21673034060136442,9.313253048806976,0.6748878785062932,0.008331949117361643,7
412,1.5165782898435958,14.907060715833524,0.0,1.8925374049560104,73.0943971811843,0.0,8.645728948508912,1.416406577236632,0.013869172280621766,7
413,1.5161212848486059,14.986536363545605,0.0,2.416145454182422,73.14776515189331,0.03044696962133796,8.783072727091211,0.5847484850602538,0.0,7
414,1.52343496141641,15.6205204383571,1.8974273524815832,1.4466770658410468,70.39901986507604,0.39200623950462804,8.819571500956272,1.3738433725160553,0.0,7
415,1.5172218030166587,14.798927717936468,0.0,1.9510722820635304,73.01266084230953,0.0,8.549571087174588,1.580214456412706,0.0604289128254122,7
416,1.515838856595468,14.242037409877899,0.0,2.786465707611926,72.81832637850071,0.06299376502035021,9.137484412550876,0.8814345327136772,0.0,7
417,1.515879978920503,15.039111832801547,0.0,2.4559351676542707,73.14357374829068,0.039602916856590564,8.728108585194587,0.5507941662868189,0.0,7
418,1.5156395762884816,14.85,0.0,2.3972919868872005,73.4702118557592,0.0,8.600049121293397,0.6054160262255993,0.05109302950379923,7
419,1.5163946767402825,14.36279794273522,0.0,2.7443838609437785,72.84248480981066,0.0025050633964446866,9.441545411036998,0.5562829120768905,0.0,7
420,1.5153024466821672,14.8657715225405,0.0,2.39634271618925,73.6537596053299,0.0,8.440468872129602,0.5773486747945502,0.0,7
421,1.5169871819413063,14.882536879994536,0.0,1.8854532853402555,73.04397049600436,0.0,8.461581135987977,1.6219606613391626,0.0,7
422,1.5190140780229526,14.367903004720036,0.0,1.9883879811198548,73.49507854484034,0.0,8.455806009440073,1.612339483479873,0.0,7
423,1.5155519324752373,13.889802106235674,0.0,2.550267758788869,73.241734581473,0.13559953194762767,9.38506401436989,0.7953317731587589,0.012933645368248231,7
424,1.516400903970995,14.199090397099495,0.8727296132594531,1.8172727199585643,72.84636359979282,1.5054548014502527,6.186362875690677,2.4190896729973512,0.0,7
425,1.515427355876549,14.85,0.0,2.4069383692477664,73.57632206172543,0.0,8.51082008445816,0.5861232615044669,0.029388669192525183,7
426,1.5158478025371485,14.011753488446217,0.0,2.64738900639865,73.32879788588676,0.09704439744053994,9.251064270529998,0.6338820295062138,0.044364482047568043,7
427,1.5168395833147994,14.732499666390703,0.0,1.9847916573997417,73.17979187980595,0.0,8.462500111203099,1.5795833147994836,0.036458398201807664,7
428,1.5225158170112678,14.896110017355104,2.1856336490092594,2.030879018262012,70.26660075586062,0.7425274109572071,9.715347828001752,0.06523099909309349,0.0,7
429,1.5162694084328896,14.292266924339074,0.0,2.7089067697356306,72.9090771375023,0.02176526118505881,9.443781353947125,0.5819758608568991,0.0015546615132184857,7
430,1.5189194637028303,15.1622511074846,0.46240419844859293,1.6761868539673166,72.3431394819517,0.07833076585741194,8.61,1.5828483856821405,0.0,7
431,1.5162895442419886,14.769046180141638,0.0,2.3768246294088735,73.48253546174881,0.0,8.692227594137885,0.6139692132389081,0.0,7
432,1.5169942903263858,14.36637211533093,0.0,2.038675116566385,73.33107258159647,0.0,8.578675116566384,1.6286751165663849,0.02892741840353063,7
433,1.516206721055867,14.188534251397165,0.0,2.7813138268160347,73.45200872067075,0.04347446927358621,9.052855536312268,0.41424532402170344,0.08722042458113104,7
434,1.518542610060058,13.701024726505274,1.312505612726473,2.025214864469557,72.89597911053369,0.32076424606412507,9.182079863658277,0.49169774062621463,0.006070342476866847,7
435,1.5156652793619776,14.156559950921352,0.0,2.71035991002248,73.40931994274158,0.06896003271909827,9.061720024539323,0.5520401717752659,0.06103996728090173,7
436,1.5165685094022816,14.934074529885917,0.0,1.90555282068449,73.0951863247148,0.0,8.590006153459898,1.4422174361978572,0.0,7
437,1.5156070035921099,14.178011395984491,0.0,2.6899160163437803,73.30075585290598,0.0667786448749598,9.132801436843941,0.5984313142655898,0.04173665304684988,7
438,1.5172393526427872,14.694996349842818,0.0,2.345003650157182,73.27718544678659,0.0006254562696477573,8.952032732876354,0.6596872718651762,0.0,7
439,1.5188971178698756,14.368468029614128,0.0,1.9861278815434904,73.5004462813342,0.0,8.456936059228255,1.6103618963505542,0.0,7
440,1.515758007584177,14.163692891090534,0.0,2.7234369669993126,73.41764170627229,0.06420473927297721,9.058153554454734,0.5270748811831304,0.0657952607270228,7
441,1.5196345309154757,14.474460388140034,0.0,2.0141302365056393,73.30260473011279,0.0,8.466413935724622,1.625325591264098,0.02347905397744305,7
442,1.5236333858091962,15.77690576487497,1.8352095344045813,1.3205598670363135,70.42760643013844,0.316335920221788,8.626191796122347,1.656345897838658,0.0,7
443,1.5163246340368248,14.94835885473247,0.0,2.4761967913049028,73.09573375294042,0.04005787979555975,8.853861088490657,0.5558495125315447,0.0,7
444,1.5179600920195735,14.162884886306323,1.9012363798455671,1.8679376727578645,72.28021114580616,0.21938011591102602,8.98463727150397,0.540619884088974,0.0,7
445,1.5178527785865195,14.257277179730943,0.0,2.0674105324318726,73.37258946756813,0.0,8.582231597295616,1.6637052662159362,0.0,7
446,1.5164306947462836,14.759106003782847,0.0,2.371523202017519,73.45337761109636,0.0,8.729337585877365,0.6205959974781012,0.0,7
447,1.516180621588604,14.120101237198604,0.0,2.8549422986945387,72.65569345532172,0.08442194728919906,9.196950797941929,1.0415752196283372,0.0007369912148665111,7
448,1.515441248018057,13.602769256375485,3.248849216429728,1.6076246747911278,72.65996312096584,1.3552493495822557,6.616338113293389,0.7747816603473139,0.0,7
449,1.5227443576523438,13.514835485521473,3.3331967740435022,1.314189921211657,72.28390443336447,0.6731346790323485,8.571477413653094,0.13861572886363738,0.0,7
450,1.5159475366489001,14.986006172446368,0.0,2.496503472001082,73.15047415288083,0.04250192888948997,8.764016974227513,0.5344988426663061,0.0,7
451,1.5154994395741552,14.018648317982684,0.0,2.6170769056206518,73.3180878921379,0.10696704044829221,9.22281322920699,0.6998901348276407,0.032021973034471865,7
452,1.51684809179767,14.885652358063451,0.0,1.9890458988350959,73.0819443267928,0.0,8.41144921397885,1.5880917976701918,0.006678708154328792,7
453,1.516522583634956,12.851088352841787,0.0,1.4681136891486997,74.59781534404873,1.698790719064681,8.76313178651078,0.5821846559512782,0.0,7
454,1.5169879931641248,14.76655793736682,0.0,1.996688412526636,73.04980428726027,0.0,8.4472103131659,1.6297390496803672,0.05350730021308858,7
455,1.5171579543230518,14.663028166213174,0.0,1.9332068006249745,73.02648058915437,0.47104947716932966,7.675319465477669,2.100870842757529,0.0,7
